sampler_label,aggregate_report_count,average,aggregate_report_median,aggregate_report_90%_line,aggregate_report_min,aggregate_report_max,aggregate_report_error%,aggregate_report_rate,aggregate_report_bandwidth
tiny,103,82,80,96,71,103,0.0,0.717800047388741,15.11025177882002
small,103,65,66,76,55,87,0.0,0.717760031219077,21.124855293828656
medium,102,75,73,86,67,105,0.0,0.7177993117571305,22.47959582884709
large,102,89,87,102,79,123,0.0,0.717713449387129,36.01533749683362
extra large,102,346,344,366,327,381,0.0,0.7165034631000717,15.041674752209218
extra large w prescale,102,328,324,349,306,455,0.0,0.716594070535338,17.247243615638613
large PNG,102,241,237,257,227,314,0.0,0.7170877799805965,31.675812062365548
large PNG w prescale,102,165,162,182,152,214,0.0,0.7173802959545378,36.088292173345806
TOTAL,818,174,119,341,55,455,0.0,5.697092950369823,193.23852724401388
