sampler_label,aggregate_report_count,average,aggregate_report_median,aggregate_report_90%_line,aggregate_report_min,aggregate_report_max,aggregate_report_error%,aggregate_report_rate,aggregate_report_bandwidth
tiny,70,40,37,40,34,235,0.0,0.6569130716316782,50.04022492820879
small,70,46,47,50,43,53,0.0,0.6580864725624946,54.222726428752736
medium,70,64,65,68,60,72,0.0,0.6579689438658495,57.46240691501861
large,70,108,107,115,96,121,0.0,0.6577834576857298,68.1197722366047
extra large,70,390,394,405,66,423,0.014285714285714285,0.65809265944645,35.05713213795502
extra large w prescale,69,364,364,370,353,389,0.0,0.6564176719053236,37.55362936838826
large PNG,69,304,304,316,273,332,0.0,0.6568863586599518,64.13366268885483
large PNG w prescale,69,195,196,202,187,204,0.0,0.6574183467357749,68.18789317070963
TOTAL,557,188,118,387,34,423,0.0017953321364452424,5.212768944250512,430.79905008223915
