sampler_label,aggregate_report_count,average,aggregate_report_median,aggregate_report_90%_line,aggregate_report_min,aggregate_report_max,aggregate_report_error%,aggregate_report_rate,aggregate_report_bandwidth
crop 100x100 JPEG,21302,83,76,121,7,526,0.0,5.616822094767196,20.108323048878113
crop 800x600 JPEG,21302,189,155,257,29,1453,0.0,5.616656225412957,281.666478061634
crop 300x400 PNG,21300,779,724,1303,83,2521,9.389671361502347E-5,5.616171832709798,670.9580779119093
pad 100x100 JPEG,21297,77,72,116,7,399,0.0,5.616655915277294,16.87093942473386
fit 100x100 JPEG,21296,63,57,98,6,332,0.0,5.616451434415746,17.080941226295707
limit 100x100 JPEG,21295,63,57,99,6,382,0.0,5.61638026072453,17.053713965378755
limit 500x500 JPEG,21295,77,24,193,6,1101,0.0,5.6162750922485385,98.95595626808739
limit 1500x1500 JPEG,21294,78,24,97,5,1606,0.0,5.616492770090949,201.99272878375396
TOTAL,170381,176,73,531,5,2521,1.1738398060816641E-5,44.920480038344856,1324.468317085056
