sampler_label,aggregate_report_count,average,aggregate_report_median,aggregate_report_90%_line,aggregate_report_min,aggregate_report_max,aggregate_report_error%,aggregate_report_rate,aggregate_report_bandwidth
tiny,16,55,46,50,43,187,0.0,0.9256045354622238,67.94967748466966
small,16,141,140,145,132,150,0.0,0.921605898277749,77.99539917055469
medium,16,118,114,129,110,137,0.0,0.9236808682600162,82.94996969172152
large,16,146,146,154,128,163,0.0625,0.9237875288683602,93.9015025079388
extra large,15,678,675,691,655,747,0.0,0.8956293288750896,89.44310747925125
RAZEM,79,222,140,675,43,747,0.012658227848101266,4.471613743136922,401.30654964057277
