sampler_label,aggregate_report_count,average,aggregate_report_median,aggregate_report_90%_line,aggregate_report_min,aggregate_report_max,aggregate_report_error%,aggregate_report_rate,aggregate_report_bandwidth
tiny,48,51,50,57,42,72,0.0,0.3999566713606026,29.36127232049861
small,48,147,146,154,138,171,0.0,0.39959707295144065,33.81785345609843
medium,48,118,119,125,105,132,0.0,0.3996968965201389,35.89426455771041
large,48,143,142,153,130,183,0.0,0.3995804405374357,43.283068403176664
extra large,48,656,647,676,636,894,0.0,0.3977757704833804,21.74248576708571
extra large w prescale,48,593,590,604,579,654,0.0,0.39787468605200554,23.01534097031689
large PNG,48,509,505,540,483,587,0.0,0.39790766884134265,39.83040221833525
large PNG w prescale,48,326,307,361,299,608,0.0,0.39849898714840765,43.22196289808389
RAZEM,384,318,183,642,42,894,0.0,3.1306559702587684,265.0230977596243
