sampler_label,aggregate_report_count,average,aggregate_report_median,aggregate_report_90%_line,aggregate_report_min,aggregate_report_max,aggregate_report_error%,aggregate_report_rate,aggregate_report_bandwidth
tiny,11,54,56,59,47,66,0.0,0.17140898183064793,13.240004713746998
small,11,79,80,85,72,87,0.0,0.17137159593693524,14.533449349956378
medium,11,127,129,133,110,140,0.0,0.1712595360423478,15.379741870037364
large,11,452,477,510,114,516,0.09090909090909091,0.17129153819801302,16.917609378406365
extra large,10,5654,5604,5868,5408,6147,0.0,0.157855688329729,15.774623760832847
RAZEM,54,1192,126,5604,47,6147,0.018518518518518517,0.8372482441043769,75.29186798416981
