sampler_label,aggregate_report_count,average,aggregate_report_median,aggregate_report_90%_line,aggregate_report_min,aggregate_report_max,aggregate_report_error%,aggregate_report_rate,aggregate_report_bandwidth
tiny,5,54,54,54,49,60,0.0,0.08831113780069944,6.821345464339962
small,5,77,78,80,73,81,0.0,0.088281512085739,7.486858469286862
medium,5,122,120,133,111,133,0.0,0.08818808755313333,7.919617522752526
large,5,511,507,521,491,537,0.0,0.0875871492134674,9.501409468827735
extra large,4,6220,5973,6931,5748,6931,0.0,0.08261219769098907,4.524873370990727
extra large w prescale,4,6066,6046,6257,5825,6257,0.0,0.08256615613260124,4.769001826776204
large PNG,4,532,536,568,486,568,0.0,0.0931619154089808,9.325471341065771
large PNG w prescale,4,547,541,571,533,571,0.0,0.0930925339787749,10.098630812465089
RAZEM,36,1591,500,6046,49,6931,0.0,0.6278996755851676,53.82679507360379
